imdb_id,Title,Poster,Recom1,Recom1Poster,Recom2,Recom2Poster,Recom3,Recom3Poster
tt1544608,Voice from the Stone,https://m.media-amazon.com/images/M/MV5BNzQzNzc2MDQ3OF5BMl5BanBnXkFtZTgwNTU2NzU2MTI@._V1_SX300.jpg,tt5936692,https://m.media-amazon.com/images/M/MV5BNWMxMWEwYmItNjBmYi00YjZkLTg0NzUtM2M0YTljODg2NmU1XkEyXkFqcGdeQXVyMzgwNjg2MQ@@._V1_SX300.jpg,tt5282006,https://m.media-amazon.com/images/M/MV5BMjA0MDY2NTI1Nl5BMl5BanBnXkFtZTgwNjkyMTI2MDI@._V1_SX300.jpg,tt5265960,https://m.media-amazon.com/images/M/MV5BOTcyZjViMzMtNjcwNS00YjQyLWI3OGMtYWIzNGIwZDNkY2FiXkEyXkFqcGdeQXVyNTQwMDA5NTg@._V1_SX300.jpg
tt6772874,This Is Not What I Expected,https://images-na.ssl-images-amazon.com/images/M/MV5BMzQ4ZTU4NzQtMTc1ZC00NjYwLWJlMmEtOGNhNjdjNjM1ZWM4XkEyXkFqcGdeQXVyMjQ3NzUxOTM@._V1_SX300.jpg,tt6772874,https://images-na.ssl-images-amazon.com/images/M/MV5BMzQ4ZTU4NzQtMTc1ZC00NjYwLWJlMmEtOGNhNjdjNjM1ZWM4XkEyXkFqcGdeQXVyMjQ3NzUxOTM@._V1_SX300.jpg,tt5840988,https://m.media-amazon.com/images/M/MV5BYWQzN2RjYjYtMjk3Yi00ZjZkLTlhMTMtZWZhZWVjZDYxZTRiXkEyXkFqcGdeQXVyNjMwOTA1MDM@._V1_SX300.jpg,tt5512872,https://m.media-amazon.com/images/M/MV5BNGQ0ODA2ZjYtYWUxMy00YzNjLWE4OTMtYmYzN2FkODVjMWNmXkEyXkFqcGdeQXVyMTI4MjIwMjQ@._V1_SX300.jpg
tt5717492,Small Crimes,https://m.media-amazon.com/images/M/MV5BYjRiNjMxMzQtMTgxNi00MjNlLTg0MTMtZmY0NzQxNzEwNjMzXkEyXkFqcGdeQXVyNTAyODkwOQ@@._V1_SX300.jpg,tt5717492,https://m.media-amazon.com/images/M/MV5BYjRiNjMxMzQtMTgxNi00MjNlLTg0MTMtZmY0NzQxNzEwNjMzXkEyXkFqcGdeQXVyNTAyODkwOQ@@._V1_SX300.jpg,tt1544608,https://m.media-amazon.com/images/M/MV5BNzQzNzc2MDQ3OF5BMl5BanBnXkFtZTgwNTU2NzU2MTI@._V1_SX300.jpg,tt5840988,https://m.media-amazon.com/images/M/MV5BYWQzN2RjYjYtMjk3Yi00ZjZkLTlhMTMtZWZhZWVjZDYxZTRiXkEyXkFqcGdeQXVyNjMwOTA1MDM@._V1_SX300.jpg
tt4573516,Sleight,https://m.media-amazon.com/images/M/MV5BODRjMDRlMmUtNGFiZi00NjIwLWJkMDgtZGU5NjY4MDNmODg3XkEyXkFqcGdeQXVyMjU3NTI0Mg@@._V1_SX300.jpg,tt6772874,https://images-na.ssl-images-amazon.com/images/M/MV5BMzQ4ZTU4NzQtMTc1ZC00NjYwLWJlMmEtOGNhNjdjNjM1ZWM4XkEyXkFqcGdeQXVyMjQ3NzUxOTM@._V1_SX300.jpg,tt1544608,https://m.media-amazon.com/images/M/MV5BNzQzNzc2MDQ3OF5BMl5BanBnXkFtZTgwNTU2NzU2MTI@._V1_SX300.jpg,tt4573516,https://m.media-amazon.com/images/M/MV5BODRjMDRlMmUtNGFiZi00NjIwLWJkMDgtZGU5NjY4MDNmODg3XkEyXkFqcGdeQXVyMjU3NTI0Mg@@._V1_SX300.jpg
tt1366338,Lowriders,https://m.media-amazon.com/images/M/MV5BNjk2MzI3OTM0M15BMl5BanBnXkFtZTgwMTczNDExMjI@._V1_SX300.jpg,tt5717492,https://m.media-amazon.com/images/M/MV5BYjRiNjMxMzQtMTgxNi00MjNlLTg0MTMtZmY0NzQxNzEwNjMzXkEyXkFqcGdeQXVyNTAyODkwOQ@@._V1_SX300.jpg,tt4573516,https://m.media-amazon.com/images/M/MV5BODRjMDRlMmUtNGFiZi00NjIwLWJkMDgtZGU5NjY4MDNmODg3XkEyXkFqcGdeQXVyMjU3NTI0Mg@@._V1_SX300.jpg,tt6772874,https://images-na.ssl-images-amazon.com/images/M/MV5BMzQ4ZTU4NzQtMTc1ZC00NjYwLWJlMmEtOGNhNjdjNjM1ZWM4XkEyXkFqcGdeQXVyMjQ3NzUxOTM@._V1_SX300.jpg
tt6794424,LA 92,https://m.media-amazon.com/images/M/MV5BMzZmNDAzMmEtNTdjMi00YTlmLTk2YmYtN2MxNmE5NDY3YzVmXkEyXkFqcGdeQXVyMjU3NTI0Mg@@._V1_SX300.jpg,tt1366338,https://m.media-amazon.com/images/M/MV5BNjk2MzI3OTM0M15BMl5BanBnXkFtZTgwMTczNDExMjI@._V1_SX300.jpg,tt5717492,https://m.media-amazon.com/images/M/MV5BYjRiNjMxMzQtMTgxNi00MjNlLTg0MTMtZmY0NzQxNzEwNjMzXkEyXkFqcGdeQXVyNTAyODkwOQ@@._V1_SX300.jpg,tt1544608,https://m.media-amazon.com/images/M/MV5BNzQzNzc2MDQ3OF5BMl5BanBnXkFtZTgwNTU2NzU2MTI@._V1_SX300.jpg
tt4795124,How to Be a Latin Lover,https://m.media-amazon.com/images/M/MV5BYTAwZDk5NzItM2U0MS00NDUxLTgwMDAtNzVmZDMxMzMxMWYxXkEyXkFqcGdeQXVyNTAwODk1NzY@._V1_SX300.jpg,tt6772874,https://images-na.ssl-images-amazon.com/images/M/MV5BMzQ4ZTU4NzQtMTc1ZC00NjYwLWJlMmEtOGNhNjdjNjM1ZWM4XkEyXkFqcGdeQXVyMjQ3NzUxOTM@._V1_SX300.jpg,tt4795124,https://m.media-amazon.com/images/M/MV5BYTAwZDk5NzItM2U0MS00NDUxLTgwMDAtNzVmZDMxMzMxMWYxXkEyXkFqcGdeQXVyNTAwODk1NzY@._V1_SX300.jpg,tt1366338,https://m.media-amazon.com/images/M/MV5BNjk2MzI3OTM0M15BMl5BanBnXkFtZTgwMTczNDExMjI@._V1_SX300.jpg
tt3693042,Grey Lady,https://m.media-amazon.com/images/M/MV5BYTRjYTgwMWItNjRmNC00ZGI5LWI5OGEtMjRkNzg2MDM3MjIzXkEyXkFqcGdeQXVyNTYwMDQwMTU@._V1_SX300.jpg,tt6772874,https://images-na.ssl-images-amazon.com/images/M/MV5BMzQ4ZTU4NzQtMTc1ZC00NjYwLWJlMmEtOGNhNjdjNjM1ZWM4XkEyXkFqcGdeQXVyMjQ3NzUxOTM@._V1_SX300.jpg,tt4795124,https://m.media-amazon.com/images/M/MV5BYTAwZDk5NzItM2U0MS00NDUxLTgwMDAtNzVmZDMxMzMxMWYxXkEyXkFqcGdeQXVyNTAwODk1NzY@._V1_SX300.jpg,tt1544608,https://m.media-amazon.com/images/M/MV5BNzQzNzc2MDQ3OF5BMl5BanBnXkFtZTgwNTU2NzU2MTI@._V1_SX300.jpg
tt6333052,Casting JonBenet,https://m.media-amazon.com/images/M/MV5BNDgwODk5ODk4OV5BMl5BanBnXkFtZTgwNzA3MzU4MTI@._V1_SX300.jpg,tt1366338,https://m.media-amazon.com/images/M/MV5BNjk2MzI3OTM0M15BMl5BanBnXkFtZTgwMTczNDExMjI@._V1_SX300.jpg,tt3693042,https://m.media-amazon.com/images/M/MV5BYTRjYTgwMWItNjRmNC00ZGI5LWI5OGEtMjRkNzg2MDM3MjIzXkEyXkFqcGdeQXVyNTYwMDQwMTU@._V1_SX300.jpg,tt6794424,https://m.media-amazon.com/images/M/MV5BMzZmNDAzMmEtNTdjMi00YTlmLTk2YmYtN2MxNmE5NDY3YzVmXkEyXkFqcGdeQXVyMjU3NTI0Mg@@._V1_SX300.jpg
tt5173032,Buster's Mal Heart,https://m.media-amazon.com/images/M/MV5BYmEyNjhmYzYtNmI3OC00MWY4LTkxYzItZDljYmQxMjg0MWFmXkEyXkFqcGdeQXVyMTk0NTY2ODQ@._V1_SX300.jpg,tt3693042,https://m.media-amazon.com/images/M/MV5BYTRjYTgwMWItNjRmNC00ZGI5LWI5OGEtMjRkNzg2MDM3MjIzXkEyXkFqcGdeQXVyNTYwMDQwMTU@._V1_SX300.jpg,tt5173032,https://m.media-amazon.com/images/M/MV5BYmEyNjhmYzYtNmI3OC00MWY4LTkxYzItZDljYmQxMjg0MWFmXkEyXkFqcGdeQXVyMTk0NTY2ODQ@._V1_SX300.jpg,tt1366338,https://m.media-amazon.com/images/M/MV5BNjk2MzI3OTM0M15BMl5BanBnXkFtZTgwMTczNDExMjI@._V1_SX300.jpg
tt3793632,Zombie Pizza,https://m.media-amazon.com/images/M/MV5BMTUyOTM1MjI4Ml5BMl5BanBnXkFtZTgwOTQ1OTA1MzE@._V1_SX300.jpg,tt6333052,https://m.media-amazon.com/images/M/MV5BNDgwODk5ODk4OV5BMl5BanBnXkFtZTgwNzA3MzU4MTI@._V1_SX300.jpg,tt1366338,https://m.media-amazon.com/images/M/MV5BNjk2MzI3OTM0M15BMl5BanBnXkFtZTgwMTczNDExMjI@._V1_SX300.jpg,tt5717492,https://m.media-amazon.com/images/M/MV5BYjRiNjMxMzQtMTgxNi00MjNlLTg0MTMtZmY0NzQxNzEwNjMzXkEyXkFqcGdeQXVyNTAyODkwOQ@@._V1_SX300.jpg
tt1734493,Unlocked,https://m.media-amazon.com/images/M/MV5BZWJiNGQ1YzgtOGVjZS00MGRjLTgwZDMtNWFiNmQ2ZWI1ZWNkXkEyXkFqcGdeQXVyMjM4NTM5NDY@._V1_SX300.jpg,tt1366338,https://m.media-amazon.com/images/M/MV5BNjk2MzI3OTM0M15BMl5BanBnXkFtZTgwMTczNDExMjI@._V1_SX300.jpg,tt5717492,https://m.media-amazon.com/images/M/MV5BYjRiNjMxMzQtMTgxNi00MjNlLTg0MTMtZmY0NzQxNzEwNjMzXkEyXkFqcGdeQXVyNTAyODkwOQ@@._V1_SX300.jpg,tt6772874,https://images-na.ssl-images-amazon.com/images/M/MV5BMzQ4ZTU4NzQtMTc1ZC00NjYwLWJlMmEtOGNhNjdjNjM1ZWM4XkEyXkFqcGdeQXVyMjQ3NzUxOTM@._V1_SX300.jpg
tt4287320,The Circle,https://m.media-amazon.com/images/M/MV5BMjY2OTM2Njc3Ml5BMl5BanBnXkFtZTgwNDgzODU3MTI@._V1_SX300.jpg,tt4287320,https://m.media-amazon.com/images/M/MV5BMjY2OTM2Njc3Ml5BMl5BanBnXkFtZTgwNDgzODU3MTI@._V1_SX300.jpg,tt1366338,https://m.media-amazon.com/images/M/MV5BNjk2MzI3OTM0M15BMl5BanBnXkFtZTgwMTczNDExMjI@._V1_SX300.jpg,tt6333052,https://m.media-amazon.com/images/M/MV5BNDgwODk5ODk4OV5BMl5BanBnXkFtZTgwNzA3MzU4MTI@._V1_SX300.jpg
tt1972591,King Arthur: Legend of the Sword,https://m.media-amazon.com/images/M/MV5BMjM3ODY3Njc5Ml5BMl5BanBnXkFtZTgwMjQ5NjM5MTI@._V1_SX300.jpg,tt1544608,https://m.media-amazon.com/images/M/MV5BNzQzNzc2MDQ3OF5BMl5BanBnXkFtZTgwNTU2NzU2MTI@._V1_SX300.jpg,tt4573516,https://m.media-amazon.com/images/M/MV5BODRjMDRlMmUtNGFiZi00NjIwLWJkMDgtZGU5NjY4MDNmODg3XkEyXkFqcGdeQXVyMjU3NTI0Mg@@._V1_SX300.jpg,tt5717492,https://m.media-amazon.com/images/M/MV5BYjRiNjMxMzQtMTgxNi00MjNlLTg0MTMtZmY0NzQxNzEwNjMzXkEyXkFqcGdeQXVyNTAyODkwOQ@@._V1_SX300.jpg
tt4849438,Baahubali 2: The Conclusion,https://m.media-amazon.com/images/M/MV5BOGNlNmRkMjctNDgxMC00NzFhLWIzY2YtZDk3ZDE0NWZhZDBlXkEyXkFqcGdeQXVyODIwMDI1NjM@._V1_SX300.jpg,tt6794424,https://m.media-amazon.com/images/M/MV5BMzZmNDAzMmEtNTdjMi00YTlmLTk2YmYtN2MxNmE5NDY3YzVmXkEyXkFqcGdeQXVyMjU3NTI0Mg@@._V1_SX300.jpg,tt6772874,https://images-na.ssl-images-amazon.com/images/M/MV5BMzQ4ZTU4NzQtMTc1ZC00NjYwLWJlMmEtOGNhNjdjNjM1ZWM4XkEyXkFqcGdeQXVyMjQ3NzUxOTM@._V1_SX300.jpg,tt1734493,https://m.media-amazon.com/images/M/MV5BZWJiNGQ1YzgtOGVjZS00MGRjLTgwZDMtNWFiNmQ2ZWI1ZWNkXkEyXkFqcGdeQXVyMjM4NTM5NDY@._V1_SX300.jpg
tt4820284,Obit,https://m.media-amazon.com/images/M/MV5BM2M4MWVkMDctMTNiZi00YWJhLTlkZDUtMTU0NDJkNWVmYjVkXkEyXkFqcGdeQXVyODM3MjA1NA@@._V1_SX300.jpg,tt5173032,https://m.media-amazon.com/images/M/MV5BYmEyNjhmYzYtNmI3OC00MWY4LTkxYzItZDljYmQxMjg0MWFmXkEyXkFqcGdeQXVyMTk0NTY2ODQ@._V1_SX300.jpg,tt5717492,https://m.media-amazon.com/images/M/MV5BYjRiNjMxMzQtMTgxNi00MjNlLTg0MTMtZmY0NzQxNzEwNjMzXkEyXkFqcGdeQXVyNTAyODkwOQ@@._V1_SX300.jpg,tt6772874,https://images-na.ssl-images-amazon.com/images/M/MV5BMzQ4ZTU4NzQtMTc1ZC00NjYwLWJlMmEtOGNhNjdjNjM1ZWM4XkEyXkFqcGdeQXVyMjQ3NzUxOTM@._V1_SX300.jpg
tt6247936,Django,https://m.media-amazon.com/images/M/MV5BN2U4YjAxNWUtNDg3Yy00ZmZiLThkMGItODk0MDM3Y2RhYzNlXkEyXkFqcGdeQXVyMjQ3NzUxOTM@._V1_SX300.jpg,tt1734493,https://m.media-amazon.com/images/M/MV5BZWJiNGQ1YzgtOGVjZS00MGRjLTgwZDMtNWFiNmQ2ZWI1ZWNkXkEyXkFqcGdeQXVyMjM4NTM5NDY@._V1_SX300.jpg,tt1366338,https://m.media-amazon.com/images/M/MV5BNjk2MzI3OTM0M15BMl5BanBnXkFtZTgwMTczNDExMjI@._V1_SX300.jpg,tt6333052,https://m.media-amazon.com/images/M/MV5BNDgwODk5ODk4OV5BMl5BanBnXkFtZTgwNzA3MzU4MTI@._V1_SX300.jpg
tt6822400,Vir Das: Abroad Understanding,https://m.media-amazon.com/images/M/MV5BNTQ0ODk4ZjUtODdmYS00MTBkLTk1YWItYjMwZWM2ZDNmMDFiXkEyXkFqcGdeQXVyMjMxMjQwMzM@._V1_SX300.jpg,tt4820284,https://m.media-amazon.com/images/M/MV5BM2M4MWVkMDctMTNiZi00YWJhLTlkZDUtMTU0NDJkNWVmYjVkXkEyXkFqcGdeQXVyODM3MjA1NA@@._V1_SX300.jpg,tt1972591,https://m.media-amazon.com/images/M/MV5BMjM3ODY3Njc5Ml5BMl5BanBnXkFtZTgwMjQ5NjM5MTI@._V1_SX300.jpg,tt4287320,https://m.media-amazon.com/images/M/MV5BMjY2OTM2Njc3Ml5BMl5BanBnXkFtZTgwNDgzODU3MTI@._V1_SX300.jpg
tt5563330,Whitney: Can I Be Me,https://m.media-amazon.com/images/M/MV5BODkxNTU3NDkyNF5BMl5BanBnXkFtZTgwNjk2NTUzMjI@._V1_SX300.jpg,tt1366338,https://m.media-amazon.com/images/M/MV5BNjk2MzI3OTM0M15BMl5BanBnXkFtZTgwMTczNDExMjI@._V1_SX300.jpg,tt6772874,https://images-na.ssl-images-amazon.com/images/M/MV5BMzQ4ZTU4NzQtMTc1ZC00NjYwLWJlMmEtOGNhNjdjNjM1ZWM4XkEyXkFqcGdeQXVyMjQ3NzUxOTM@._V1_SX300.jpg,tt5717492,https://m.media-amazon.com/images/M/MV5BYjRiNjMxMzQtMTgxNi00MjNlLTg0MTMtZmY0NzQxNzEwNjMzXkEyXkFqcGdeQXVyNTAyODkwOQ@@._V1_SX300.jpg
tt6336270,The Girl from the Song,https://m.media-amazon.com/images/M/MV5BNmFmOGRlMGMtY2RkNy00MGI3LTkwYTktNGFjY2JkYjlmOGUyXkEyXkFqcGdeQXVyMjQ3NzUxOTM@._V1_SX300.jpg,tt4849438,https://m.media-amazon.com/images/M/MV5BOGNlNmRkMjctNDgxMC00NzFhLWIzY2YtZDk3ZDE0NWZhZDBlXkEyXkFqcGdeQXVyODIwMDI1NjM@._V1_SX300.jpg,tt5717492,https://m.media-amazon.com/images/M/MV5BYjRiNjMxMzQtMTgxNi00MjNlLTg0MTMtZmY0NzQxNzEwNjMzXkEyXkFqcGdeQXVyNTAyODkwOQ@@._V1_SX300.jpg,tt6772874,https://images-na.ssl-images-amazon.com/images/M/MV5BMzQ4ZTU4NzQtMTc1ZC00NjYwLWJlMmEtOGNhNjdjNjM1ZWM4XkEyXkFqcGdeQXVyMjQ3NzUxOTM@._V1_SX300.jpg
tt4610748,Devil's Gate,https://m.media-amazon.com/images/M/MV5BMTk3NTk1MDMxM15BMl5BanBnXkFtZTgwMTA4MjQzNDM@._V1_SX300.jpg,tt5717492,https://m.media-amazon.com/images/M/MV5BYjRiNjMxMzQtMTgxNi00MjNlLTg0MTMtZmY0NzQxNzEwNjMzXkEyXkFqcGdeQXVyNTAyODkwOQ@@._V1_SX300.jpg,tt3793632,https://m.media-amazon.com/images/M/MV5BMTUyOTM1MjI4Ml5BMl5BanBnXkFtZTgwOTQ1OTA1MzE@._V1_SX300.jpg,tt5563330,https://m.media-amazon.com/images/M/MV5BODkxNTU3NDkyNF5BMl5BanBnXkFtZTgwNjk2NTUzMjI@._V1_SX300.jpg
tt6739646,I Am Heath Ledger,https://m.media-amazon.com/images/M/MV5BOWJlYmFmOGItNjA1Yi00YWFjLWFhYjEtMzE5OTFmYWY5ZjA2XkEyXkFqcGdeQXVyMTgxMzAwMDM@._V1_SX300.jpg,tt6336270,https://m.media-amazon.com/images/M/MV5BNmFmOGRlMGMtY2RkNy00MGI3LTkwYTktNGFjY2JkYjlmOGUyXkEyXkFqcGdeQXVyMjQ3NzUxOTM@._V1_SX300.jpg,tt6794424,https://m.media-amazon.com/images/M/MV5BMzZmNDAzMmEtNTdjMi00YTlmLTk2YmYtN2MxNmE5NDY3YzVmXkEyXkFqcGdeQXVyMjU3NTI0Mg@@._V1_SX300.jpg,tt4573516,https://m.media-amazon.com/images/M/MV5BODRjMDRlMmUtNGFiZi00NjIwLWJkMDgtZGU5NjY4MDNmODg3XkEyXkFqcGdeQXVyMjU3NTI0Mg@@._V1_SX300.jpg
tt6714534,Get Me Roger Stone,https://m.media-amazon.com/images/M/MV5BNGU5NzE5OTItMjU4Ny00MjRhLTg2MWUtNTRlOTFkMGRmZWJlXkEyXkFqcGdeQXVyMTk1Mjc0OTk@._V1_SX300.jpg,tt6714534,https://m.media-amazon.com/images/M/MV5BNGU5NzE5OTItMjU4Ny00MjRhLTg2MWUtNTRlOTFkMGRmZWJlXkEyXkFqcGdeQXVyMTk1Mjc0OTk@._V1_SX300.jpg,tt6822400,https://m.media-amazon.com/images/M/MV5BNTQ0ODk4ZjUtODdmYS00MTBkLTk1YWItYjMwZWM2ZDNmMDFiXkEyXkFqcGdeQXVyMjMxMjQwMzM@._V1_SX300.jpg,tt4573516,https://m.media-amazon.com/images/M/MV5BODRjMDRlMmUtNGFiZi00NjIwLWJkMDgtZGU5NjY4MDNmODg3XkEyXkFqcGdeQXVyMjU3NTI0Mg@@._V1_SX300.jpg
tt6710658,The Reagan Show,https://m.media-amazon.com/images/M/MV5BYWMyMmNmNTctZjIwNC00Nzc2LWI4ZTgtYzU3MTNmZWU0NThkXkEyXkFqcGdeQXVyMjUyNTc5Nzg@._V1_SX300.jpg,tt5518022,https://m.media-amazon.com/images/M/MV5BZjE1ODdkNWUtZWUzMy00YzcxLWE4ZmQtYjViYjQyYzE2M2FiXkEyXkFqcGdeQXVyNjU2NzczMjI@._V1_SX300.jpg,tt3219604,https://m.media-amazon.com/images/M/MV5BMTg0NDg2NDAwNl5BMl5BanBnXkFtZTgwMzk1Njk0NzE@._V1_SX300.jpg,tt5213534,https://m.media-amazon.com/images/M/MV5BOTMzMDcwZjQtNzJiMy00MDJmLTkxMzItMDIyZjk0NTVmYmIwXkEyXkFqcGdeQXVyMjY3MDI3ODE@._V1_SX300.jpg
tt5686132,The Immortal Life of Henrietta Lacks,https://m.media-amazon.com/images/M/MV5BMTA3MzA2NzkxMzleQTJeQWpwZ15BbWU4MDAxNDE1NzEy._V1_SX300.jpg,tt5686132,https://m.media-amazon.com/images/M/MV5BMTA3MzA2NzkxMzleQTJeQWpwZ15BbWU4MDAxNDE1NzEy._V1_SX300.jpg,tt5518022,https://m.media-amazon.com/images/M/MV5BZjE1ODdkNWUtZWUzMy00YzcxLWE4ZmQtYjViYjQyYzE2M2FiXkEyXkFqcGdeQXVyNjU2NzczMjI@._V1_SX300.jpg,tt3219604,https://m.media-amazon.com/images/M/MV5BMTg0NDg2NDAwNl5BMl5BanBnXkFtZTgwMzk1Njk0NzE@._V1_SX300.jpg
tt5390066,Permission,https://m.media-amazon.com/images/M/MV5BODk4MWZhZTUtOGMxOC00NmIwLTk1NTEtYzJiODYzOTU0YWFlXkEyXkFqcGdeQXVyNDExMzMxNjE@._V1_SX300.jpg,tt5390066,https://m.media-amazon.com/images/M/MV5BODk4MWZhZTUtOGMxOC00NmIwLTk1NTEtYzJiODYzOTU0YWFlXkEyXkFqcGdeQXVyNDExMzMxNjE@._V1_SX300.jpg,tt5686132,https://m.media-amazon.com/images/M/MV5BMTA3MzA2NzkxMzleQTJeQWpwZ15BbWU4MDAxNDE1NzEy._V1_SX300.jpg,tt3471098,https://m.media-amazon.com/images/M/MV5BYzk1MDI1OWUtZjcxZi00ODFkLWJkZmEtYzRhYWQwMDA2MmQ5XkEyXkFqcGdeQXVyMTMxMTY0OTQ@._V1_SX300.jpg
tt4776998,The Promise,https://m.media-amazon.com/images/M/MV5BYTI5NmI0N2UtOWQyOC00MDg2LWI5YWUtNWEwZTgyM2VlYThmXkEyXkFqcGdeQXVyMTk1MDM0OTc@._V1_SX300.jpg,tt4776998,https://m.media-amazon.com/images/M/MV5BYTI5NmI0N2UtOWQyOC00MDg2LWI5YWUtNWEwZTgyM2VlYThmXkEyXkFqcGdeQXVyMTk1MDM0OTc@._V1_SX300.jpg,tt5390066,https://m.media-amazon.com/images/M/MV5BODk4MWZhZTUtOGMxOC00NmIwLTk1NTEtYzJiODYzOTU0YWFlXkEyXkFqcGdeQXVyNDExMzMxNjE@._V1_SX300.jpg,tt6710658,https://m.media-amazon.com/images/M/MV5BYWMyMmNmNTctZjIwNC00Nzc2LWI4ZTgtYzU3MTNmZWU0NThkXkEyXkFqcGdeQXVyMjUyNTc5Nzg@._V1_SX300.jpg
tt2582576,Sand Castle,https://m.media-amazon.com/images/M/MV5BNTQ2YWM1MmItMGVmZi00N2EzLWE4NDUtNTgzODVkNTZlMTBmXkEyXkFqcGdeQXVyMzI3MDEzMzM@._V1_SX300.jpg,tt5686132,https://m.media-amazon.com/images/M/MV5BMTA3MzA2NzkxMzleQTJeQWpwZ15BbWU4MDAxNDE1NzEy._V1_SX300.jpg,tt4776998,https://m.media-amazon.com/images/M/MV5BYTI5NmI0N2UtOWQyOC00MDg2LWI5YWUtNWEwZTgyM2VlYThmXkEyXkFqcGdeQXVyMTk1MDM0OTc@._V1_SX300.jpg,tt5390066,https://m.media-amazon.com/images/M/MV5BODk4MWZhZTUtOGMxOC00NmIwLTk1NTEtYzJiODYzOTU0YWFlXkEyXkFqcGdeQXVyNDExMzMxNjE@._V1_SX300.jpg
tt6574272,Phoenix Forgotten,https://m.media-amazon.com/images/M/MV5BMTUxODEyNjEzNl5BMl5BanBnXkFtZTgwMDQyMTM2MTI@._V1_SX300.jpg,tt5686132,https://m.media-amazon.com/images/M/MV5BMTA3MzA2NzkxMzleQTJeQWpwZ15BbWU4MDAxNDE1NzEy._V1_SX300.jpg,tt2582576,https://m.media-amazon.com/images/M/MV5BNTQ2YWM1MmItMGVmZi00N2EzLWE4NDUtNTgzODVkNTZlMTBmXkEyXkFqcGdeQXVyMzI3MDEzMzM@._V1_SX300.jpg,tt6710658,https://m.media-amazon.com/images/M/MV5BYWMyMmNmNTctZjIwNC00Nzc2LWI4ZTgtYzU3MTNmZWU0NThkXkEyXkFqcGdeQXVyMjUyNTc5Nzg@._V1_SX300.jpg
tt3699354,Citizen Jane: Battle for the City,https://m.media-amazon.com/images/M/MV5BNjU1MTE3OTYyMF5BMl5BanBnXkFtZTgwMzIwNTQwMjI@._V1_SX300.jpg,tt5390066,https://m.media-amazon.com/images/M/MV5BODk4MWZhZTUtOGMxOC00NmIwLTk1NTEtYzJiODYzOTU0YWFlXkEyXkFqcGdeQXVyNDExMzMxNjE@._V1_SX300.jpg,tt5686132,https://m.media-amazon.com/images/M/MV5BMTA3MzA2NzkxMzleQTJeQWpwZ15BbWU4MDAxNDE1NzEy._V1_SX300.jpg,tt6710658,https://m.media-amazon.com/images/M/MV5BYWMyMmNmNTctZjIwNC00Nzc2LWI4ZTgtYzU3MTNmZWU0NThkXkEyXkFqcGdeQXVyMjUyNTc5Nzg@._V1_SX300.jpg
tt4629266,Born in China,https://m.media-amazon.com/images/M/MV5BMTYyMDE5NDU4NV5BMl5BanBnXkFtZTgwNjQ5MjE4MDI@._V1_SX300.jpg,tt5390066,https://m.media-amazon.com/images/M/MV5BODk4MWZhZTUtOGMxOC00NmIwLTk1NTEtYzJiODYzOTU0YWFlXkEyXkFqcGdeQXVyNDExMzMxNjE@._V1_SX300.jpg,tt6710658,https://m.media-amazon.com/images/M/MV5BYWMyMmNmNTctZjIwNC00Nzc2LWI4ZTgtYzU3MTNmZWU0NThkXkEyXkFqcGdeQXVyMjUyNTc5Nzg@._V1_SX300.jpg,tt3699354,https://m.media-amazon.com/images/M/MV5BNjU1MTE3OTYyMF5BMl5BanBnXkFtZTgwMzIwNTQwMjI@._V1_SX300.jpg
tt3462710,Unforgettable,https://m.media-amazon.com/images/M/MV5BMjMzMjQ2ZDQtNmM0NC00YWVmLTk5ZWQtMGFhNDVhMzljYWYwL2ltYWdlXkEyXkFqcGdeQXVyNTg1NzA1NzI@._V1_SX300.jpg,tt5432188,https://m.media-amazon.com/images/M/MV5BODVlOGY5YTItNGI5MC00YWNkLWFjY2QtYTU0Mzg4Y2RlZGE4XkEyXkFqcGdeQXVyODY5MTY2NQ@@._V1_SX300.jpg,tt4932154,https://m.media-amazon.com/images/M/MV5BNTg3ZWZiMGEtZmNkYS00MDdmLThjOTAtMTA3MzEyZmNiMjJjXkEyXkFqcGdeQXVyMTMxODk2OTU@._V1_SX300.jpg,tt4143270,https://m.media-amazon.com/images/M/MV5BMTFhNDkyMTYtZjlhNC00MzliLWE1ZTQtMDJkNThlODkxYzIyXkEyXkFqcGdeQXVyNDY3NjA4NQ@@._V1_SX300.jpg
tt4711924,Monolith,https://m.media-amazon.com/images/M/MV5BMmNmNGU1MjQtNmJhZi00NWYxLTg1ZjgtNmNlOWU3OWYzYmQ1XkEyXkFqcGdeQXVyMjA0MzYwMDY@._V1_SX300.jpg,tt4711924,https://m.media-amazon.com/images/M/MV5BMmNmNGU1MjQtNmJhZi00NWYxLTg1ZjgtNmNlOWU3OWYzYmQ1XkEyXkFqcGdeQXVyMjA0MzYwMDY@._V1_SX300.jpg,tt5767182,https://m.media-amazon.com/images/M/MV5BYTUxZTZlODktNGY5Zi00ZDk0LTlkMDItNTgzNGE1M2NlZTcxXkEyXkFqcGdeQXVyNTE1MjQzMDE@._V1_SX300.jpg,tt4356104,https://m.media-amazon.com/images/M/MV5BMTgwNjg2NDU4Ml5BMl5BanBnXkFtZTgwODEwMjYwODE@._V1_SX300.jpg
tt3896198,Guardians of the Galaxy Vol. 2,https://m.media-amazon.com/images/M/MV5BMTg2MzI1MTg3OF5BMl5BanBnXkFtZTgwNTU3NDA2MTI@._V1_SX300.jpg,tt4711924,https://m.media-amazon.com/images/M/MV5BMmNmNGU1MjQtNmJhZi00NWYxLTg1ZjgtNmNlOWU3OWYzYmQ1XkEyXkFqcGdeQXVyMjA0MzYwMDY@._V1_SX300.jpg,tt3462710,https://m.media-amazon.com/images/M/MV5BMjMzMjQ2ZDQtNmM0NC00YWVmLTk5ZWQtMGFhNDVhMzljYWYwL2ltYWdlXkEyXkFqcGdeQXVyNTg1NzA1NzI@._V1_SX300.jpg,tt5767182,https://m.media-amazon.com/images/M/MV5BYTUxZTZlODktNGY5Zi00ZDk0LTlkMDItNTgzNGE1M2NlZTcxXkEyXkFqcGdeQXVyNTE1MjQzMDE@._V1_SX300.jpg
tt6218048,Lucas Brothers: On Drugs,https://m.media-amazon.com/images/M/MV5BYjJiNzAxODQtYjhlNi00ZjM1LTg3ZmYtOGYxNDYzZjAxNjAxXkEyXkFqcGdeQXVyMzcwMjcwNQ@@._V1_SX300.jpg,tt6218048,https://m.media-amazon.com/images/M/MV5BYjJiNzAxODQtYjhlNi00ZjM1LTg3ZmYtOGYxNDYzZjAxNjAxXkEyXkFqcGdeQXVyMzcwMjcwNQ@@._V1_SX300.jpg,tt4711924,https://m.media-amazon.com/images/M/MV5BMmNmNGU1MjQtNmJhZi00NWYxLTg1ZjgtNmNlOWU3OWYzYmQ1XkEyXkFqcGdeQXVyMjA0MzYwMDY@._V1_SX300.jpg,tt3462710,https://m.media-amazon.com/images/M/MV5BMjMzMjQ2ZDQtNmM0NC00YWVmLTk5ZWQtMGFhNDVhMzljYWYwL2ltYWdlXkEyXkFqcGdeQXVyNTg1NzA1NzI@._V1_SX300.jpg
tt5068650,The Dark Tapes,https://m.media-amazon.com/images/M/MV5BZWVmMmFhZjAtNDQ1MS00NjU0LWFmZTgtOTM1YzQ1YWRmZTVhXkEyXkFqcGdeQXVyMTkzMDQxOA@@._V1_SX300.jpg,tt6218048,https://m.media-amazon.com/images/M/MV5BYjJiNzAxODQtYjhlNi00ZjM1LTg3ZmYtOGYxNDYzZjAxNjAxXkEyXkFqcGdeQXVyMzcwMjcwNQ@@._V1_SX300.jpg,tt5068650,https://m.media-amazon.com/images/M/MV5BZWVmMmFhZjAtNDQ1MS00NjU0LWFmZTgtOTM1YzQ1YWRmZTVhXkEyXkFqcGdeQXVyMTkzMDQxOA@@._V1_SX300.jpg,tt3462710,https://m.media-amazon.com/images/M/MV5BMjMzMjQ2ZDQtNmM0NC00YWVmLTk5ZWQtMGFhNDVhMzljYWYwL2ltYWdlXkEyXkFqcGdeQXVyNTg1NzA1NzI@._V1_SX300.jpg
tt6326286,Maigrets Night at the Crossroads,https://m.media-amazon.com/images/M/MV5BMjZiZGRkOTctZTU2OS00NDI4LWJmOGMtN2Y5MjQzMTZjZjU0XkEyXkFqcGdeQXVyMjAzMjcxNTE@._V1_SX300.jpg,tt2361317,https://m.media-amazon.com/images/M/MV5BMjc3MDIyMjgzNl5BMl5BanBnXkFtZTgwMzUxOTg3MDI@._V1_SX300.jpg,tt4975280,https://m.media-amazon.com/images/M/MV5BN2RmODY5MzctN2ZhMi00YWNiLTg4MzMtMzFkZWFkZGUyMmI0XkEyXkFqcGdeQXVyMTg2NTc4MzA@._V1_SX300.jpg,tt1293847,https://m.media-amazon.com/images/M/MV5BMzcwMjkxMzQ3NV5BMl5BanBnXkFtZTgwMzgyNDA5MDI@._V1_SX300.jpg
tt5808778,Skins,https://m.media-amazon.com/images/M/MV5BYmZhOTEzYzktMjg5Yi00ODgwLWJlMTItOWYyMzQ0MTk2ZDk3XkEyXkFqcGdeQXVyNzUzMDExNTI@._V1_SX300.jpg,tt6326286,https://m.media-amazon.com/images/M/MV5BMjZiZGRkOTctZTU2OS00NDI4LWJmOGMtN2Y5MjQzMTZjZjU0XkEyXkFqcGdeQXVyMjAzMjcxNTE@._V1_SX300.jpg,tt4011010,https://m.media-amazon.com/images/M/MV5BMjM5NDg5NzY5NV5BMl5BanBnXkFtZTgwNjM4NDAwMDI@._V1_SX300.jpg,tt4981636,https://m.media-amazon.com/images/M/MV5BNjQzMTczNjI0Ml5BMl5BanBnXkFtZTgwODY5MTY5OTE@._V1_SX300.jpg
tt2597760,The Outcasts,https://m.media-amazon.com/images/M/MV5BMTk1N2Y3MDctODY4MS00M2I5LWE2YzEtMThmODAwMjEwMTA4XkEyXkFqcGdeQXVyMjMwMzk5OTI@._V1_SX300.jpg,tt2597760,https://m.media-amazon.com/images/M/MV5BMTk1N2Y3MDctODY4MS00M2I5LWE2YzEtMThmODAwMjEwMTA4XkEyXkFqcGdeQXVyMjMwMzk5OTI@._V1_SX300.jpg,tt5808778,https://m.media-amazon.com/images/M/MV5BYmZhOTEzYzktMjg5Yi00ODgwLWJlMTItOWYyMzQ0MTk2ZDk3XkEyXkFqcGdeQXVyNzUzMDExNTI@._V1_SX300.jpg,tt5512872,https://m.media-amazon.com/images/M/MV5BNGQ0ODA2ZjYtYWUxMy00YzNjLWE4OTMtYmYzN2FkODVjMWNmXkEyXkFqcGdeQXVyMTI4MjIwMjQ@._V1_SX300.jpg
tt5351458,The Hatton Garden Job,https://m.media-amazon.com/images/M/MV5BNzNiYTIxNDgtMjE2OS00ZjcyLTg3MWQtMTlkODY3MzkzMDAxXkEyXkFqcGdeQXVyMTgyNDk1OTY@._V1_SX300.jpg,tt5351458,https://m.media-amazon.com/images/M/MV5BNzNiYTIxNDgtMjE2OS00ZjcyLTg3MWQtMTlkODY3MzkzMDAxXkEyXkFqcGdeQXVyMTgyNDk1OTY@._V1_SX300.jpg,tt6326286,https://m.media-amazon.com/images/M/MV5BMjZiZGRkOTctZTU2OS00NDI4LWJmOGMtN2Y5MjQzMTZjZjU0XkEyXkFqcGdeQXVyMjAzMjcxNTE@._V1_SX300.jpg,tt2597760,https://m.media-amazon.com/images/M/MV5BMTk1N2Y3MDctODY4MS00M2I5LWE2YzEtMThmODAwMjEwMTA4XkEyXkFqcGdeQXVyMjMwMzk5OTI@._V1_SX300.jpg
tt3228088,Spark: A Space Tail,https://m.media-amazon.com/images/M/MV5BMTcwNzc2Mzk2M15BMl5BanBnXkFtZTgwNzU2MzA2MTI@._V1_SX300.jpg,tt2597760,https://m.media-amazon.com/images/M/MV5BMTk1N2Y3MDctODY4MS00M2I5LWE2YzEtMThmODAwMjEwMTA4XkEyXkFqcGdeQXVyMjMwMzk5OTI@._V1_SX300.jpg,tt5351458,https://m.media-amazon.com/images/M/MV5BNzNiYTIxNDgtMjE2OS00ZjcyLTg3MWQtMTlkODY3MzkzMDAxXkEyXkFqcGdeQXVyMTgyNDk1OTY@._V1_SX300.jpg,tt5808778,https://m.media-amazon.com/images/M/MV5BYmZhOTEzYzktMjg5Yi00ODgwLWJlMTItOWYyMzQ0MTk2ZDk3XkEyXkFqcGdeQXVyNzUzMDExNTI@._V1_SX300.jpg
tt5893332,Sandy Wexler,https://m.media-amazon.com/images/M/MV5BMTY1NDIwMjQ1OF5BMl5BanBnXkFtZTgwMzUzMjI4MTI@._V1_SX300.jpg,tt2597760,https://m.media-amazon.com/images/M/MV5BMTk1N2Y3MDctODY4MS00M2I5LWE2YzEtMThmODAwMjEwMTA4XkEyXkFqcGdeQXVyMjMwMzk5OTI@._V1_SX300.jpg,tt5808778,https://m.media-amazon.com/images/M/MV5BYmZhOTEzYzktMjg5Yi00ODgwLWJlMTItOWYyMzQ0MTk2ZDk3XkEyXkFqcGdeQXVyNzUzMDExNTI@._V1_SX300.jpg,tt5351458,https://m.media-amazon.com/images/M/MV5BNzNiYTIxNDgtMjE2OS00ZjcyLTg3MWQtMTlkODY3MzkzMDAxXkEyXkFqcGdeQXVyMTgyNDk1OTY@._V1_SX300.jpg
tt4191702,Norman: The Moderate Rise and Tragic Fall of a New York Fixer,https://m.media-amazon.com/images/M/MV5BNDU2ODc3Njk4OV5BMl5BanBnXkFtZTgwNDM0MjA0MTI@._V1_SX300.jpg,tt3958780,https://m.media-amazon.com/images/M/MV5BMTU3Mjc3NDY0M15BMl5BanBnXkFtZTgwNDUxMjExOTE@._V1_SX300.jpg,tt6028446,https://images-na.ssl-images-amazon.com/images/M/MV5BYjQ0MjljNTktM2U0OS00YWY0LWJjM2UtMjUyMmZhZWMxYjY5XkEyXkFqcGdeQXVyMjMyNTg3OA@@._V1_SX300.jpg,tt3135556,https://m.media-amazon.com/images/M/MV5BMTgxMzkyOTgzMl5BMl5BanBnXkFtZTgwMjQyMTAxMzE@._V1_SX300.jpg
tt3721954,Maudie,https://m.media-amazon.com/images/M/MV5BMjA0NTQzMDY3NV5BMl5BanBnXkFtZTgwMDQ2Mzg0MTI@._V1_SX300.jpg,tt3721954,https://m.media-amazon.com/images/M/MV5BMjA0NTQzMDY3NV5BMl5BanBnXkFtZTgwMDQ2Mzg0MTI@._V1_SX300.jpg,tt5282006,https://m.media-amazon.com/images/M/MV5BMjA0MDY2NTI1Nl5BMl5BanBnXkFtZTgwNjkyMTI2MDI@._V1_SX300.jpg,tt5265960,https://m.media-amazon.com/images/M/MV5BOTcyZjViMzMtNjcwNS00YjQyLWI3OGMtYWIzNGIwZDNkY2FiXkEyXkFqcGdeQXVyNTQwMDA5NTg@._V1_SX300.jpg
tt4287434,Chasing Trane,https://m.media-amazon.com/images/M/MV5BYjNjYzg0NjUtMWNmYi00MDY3LTk5ZjMtZWE5ZTQ1MjE5NjAxXkEyXkFqcGdeQXVyMjU4MjYxMg@@._V1_SX300.jpg,tt3721954,https://m.media-amazon.com/images/M/MV5BMjA0NTQzMDY3NV5BMl5BanBnXkFtZTgwMDQ2Mzg0MTI@._V1_SX300.jpg,tt4191702,https://m.media-amazon.com/images/M/MV5BNDU2ODc3Njk4OV5BMl5BanBnXkFtZTgwNDM0MjA0MTI@._V1_SX300.jpg,tt5282006,https://m.media-amazon.com/images/M/MV5BMjA0MDY2NTI1Nl5BMl5BanBnXkFtZTgwNjkyMTI2MDI@._V1_SX300.jpg
tt4556370,Altitude,https://m.media-amazon.com/images/M/MV5BYjRlOWZmOWItN2ZlMi00MWMyLWI5ODUtOTc5YWNjNzViYTNlXkEyXkFqcGdeQXVyMjU3NTI0Mg@@._V1_SX300.jpg,tt4556370,https://m.media-amazon.com/images/M/MV5BYjRlOWZmOWItN2ZlMi00MWMyLWI5ODUtOTc5YWNjNzViYTNlXkEyXkFqcGdeQXVyMjU3NTI0Mg@@._V1_SX300.jpg,tt3721954,https://m.media-amazon.com/images/M/MV5BMjA0NTQzMDY3NV5BMl5BanBnXkFtZTgwMDQ2Mzg0MTI@._V1_SX300.jpg,tt4191702,https://m.media-amazon.com/images/M/MV5BNDU2ODc3Njk4OV5BMl5BanBnXkFtZTgwNDM0MjA0MTI@._V1_SX300.jpg
tt1945228,Voyage of Time: Life's Journey,https://m.media-amazon.com/images/M/MV5BMTg2NzU5OTEwNl5BMl5BanBnXkFtZTgwMDkxNjA4OTE@._V1_SX300.jpg,tt4191702,https://m.media-amazon.com/images/M/MV5BNDU2ODc3Njk4OV5BMl5BanBnXkFtZTgwNDM0MjA0MTI@._V1_SX300.jpg,tt4556370,https://m.media-amazon.com/images/M/MV5BYjRlOWZmOWItN2ZlMi00MWMyLWI5ODUtOTc5YWNjNzViYTNlXkEyXkFqcGdeQXVyMjU3NTI0Mg@@._V1_SX300.jpg,tt3721954,https://m.media-amazon.com/images/M/MV5BMjA0NTQzMDY3NV5BMl5BanBnXkFtZTgwMDQ2Mzg0MTI@._V1_SX300.jpg
tt5925968,False Confessions,https://m.media-amazon.com/images/M/MV5BOGQzYjg0ZGItNjdhNS00NTJmLTgxOTUtMjEyMTM4Y2VmMTlkXkEyXkFqcGdeQXVyNTExMTg3MDg@._V1_SX300.jpg,tt1945228,https://m.media-amazon.com/images/M/MV5BMTg2NzU5OTEwNl5BMl5BanBnXkFtZTgwMDkxNjA4OTE@._V1_SX300.jpg,tt4287434,https://m.media-amazon.com/images/M/MV5BYjNjYzg0NjUtMWNmYi00MDY3LTk5ZjMtZWE5ZTQ1MjE5NjAxXkEyXkFqcGdeQXVyMjU4MjYxMg@@._V1_SX300.jpg,tt3721954,https://m.media-amazon.com/images/M/MV5BMjA0NTQzMDY3NV5BMl5BanBnXkFtZTgwMDQ2Mzg0MTI@._V1_SX300.jpg
tt6673840,The Spacewalker,https://m.media-amazon.com/images/M/MV5BNTlhZTllNGMtY2M5Yi00ZGI2LTg2NmYtNWNhNGU3NTM0NTQzXkEyXkFqcGdeQXVyMjcxNjI4NTk@._V1_SX300.jpg,tt4191702,https://m.media-amazon.com/images/M/MV5BNDU2ODc3Njk4OV5BMl5BanBnXkFtZTgwNDM0MjA0MTI@._V1_SX300.jpg,tt1945228,https://m.media-amazon.com/images/M/MV5BMTg2NzU5OTEwNl5BMl5BanBnXkFtZTgwMDkxNjA4OTE@._V1_SX300.jpg,tt6673840,https://m.media-amazon.com/images/M/MV5BNTlhZTllNGMtY2M5Yi00ZGI2LTg2NmYtNWNhNGU3NTM0NTQzXkEyXkFqcGdeQXVyMjcxNjI4NTk@._V1_SX300.jpg
tt4630562,The Fate of the Furious,https://m.media-amazon.com/images/M/MV5BMjMxODI2NDM5Nl5BMl5BanBnXkFtZTgwNjgzOTk1MTI@._V1_SX300.jpg,tt5925968,https://m.media-amazon.com/images/M/MV5BOGQzYjg0ZGItNjdhNS00NTJmLTgxOTUtMjEyMTM4Y2VmMTlkXkEyXkFqcGdeQXVyNTExMTg3MDg@._V1_SX300.jpg,tt4191702,https://m.media-amazon.com/images/M/MV5BNDU2ODc3Njk4OV5BMl5BanBnXkFtZTgwNDM0MjA0MTI@._V1_SX300.jpg,tt3721954,https://m.media-amazon.com/images/M/MV5BMjA0NTQzMDY3NV5BMl5BanBnXkFtZTgwMDQ2Mzg0MTI@._V1_SX300.jpg
tt4481414,Gifted,https://m.media-amazon.com/images/M/MV5BMjQ2NDU3NDE0M15BMl5BanBnXkFtZTgwMjA3OTg0MDI@._V1_SX300.jpg,tt3319018,https://m.media-amazon.com/images/M/MV5BN2I1OWFiY2EtMWRhZC00NTg2LTkzMjgtNjkwMjFjY2EzY2Y4XkEyXkFqcGdeQXVyMjQ1NDQyNjQ@._V1_SX300.jpg,tt4572792,https://m.media-amazon.com/images/M/MV5BMjQ3MjI4OTU1Ml5BMl5BanBnXkFtZTgwMTgwODcyMjI@._V1_SX300.jpg,tt5452964,https://m.media-amazon.com/images/M/MV5BMjMwOTc5MzU2Nl5BMl5BanBnXkFtZTgwMDkwODIzMDI@._V1_SX300.jpg
tt5241534,Seizure,https://m.media-amazon.com/images/M/MV5BNTgxMjBmZDItMzJlNy00Nzk5LTliZGYtMmU3ODQ4MWQ0ZDg1XkEyXkFqcGdeQXVyNjA3Nzg0NzY@._V1_SX300.jpg,tt5241534,https://m.media-amazon.com/images/M/MV5BNTgxMjBmZDItMzJlNy00Nzk5LTliZGYtMmU3ODQ4MWQ0ZDg1XkEyXkFqcGdeQXVyNjA3Nzg0NzY@._V1_SX300.jpg,tt5167174,https://m.media-amazon.com/images/M/MV5BMTU2Mjk1MDk2Ml5BMl5BanBnXkFtZTgwMzIwNzczMDI@._V1_SX300.jpg,tt2620590,https://m.media-amazon.com/images/M/MV5BMjEyMDE1MzE1NF5BMl5BanBnXkFtZTgwMzcwNTU1MzI@._V1_SX300.jpg
tt6357202,Asylum of Darkness,https://m.media-amazon.com/images/M/MV5BMjEyODM2NDIyNl5BMl5BanBnXkFtZTgwMjQ3ODM5MDI@._V1_SX300.jpg,tt4481414,https://m.media-amazon.com/images/M/MV5BMjQ2NDU3NDE0M15BMl5BanBnXkFtZTgwMjA3OTg0MDI@._V1_SX300.jpg,tt5241534,https://m.media-amazon.com/images/M/MV5BNTgxMjBmZDItMzJlNy00Nzk5LTliZGYtMmU3ODQ4MWQ0ZDg1XkEyXkFqcGdeQXVyNjA3Nzg0NzY@._V1_SX300.jpg,tt3517044,https://m.media-amazon.com/images/M/MV5BMTY4MzU2NDg5Nl5BMl5BanBnXkFtZTgwNzA3MjgxMDI@._V1_SX300.jpg
tt6587078,Moonlight in Vermont,https://m.media-amazon.com/images/M/MV5BMTBkODU5MTUtNzMxZi00OWQxLTllNmItY2JhZGMyZDk4OTQ5XkEyXkFqcGdeQXVyNzk0NTA5NQ@@._V1_SX300.jpg,tt6587078,https://m.media-amazon.com/images/M/MV5BMTBkODU5MTUtNzMxZi00OWQxLTllNmItY2JhZGMyZDk4OTQ5XkEyXkFqcGdeQXVyNzk0NTA5NQ@@._V1_SX300.jpg,tt4481414,https://m.media-amazon.com/images/M/MV5BMjQ2NDU3NDE0M15BMl5BanBnXkFtZTgwMjA3OTg0MDI@._V1_SX300.jpg,tt6357202,https://m.media-amazon.com/images/M/MV5BMjEyODM2NDIyNl5BMl5BanBnXkFtZTgwMjQ3ODM5MDI@._V1_SX300.jpg
tt5039088,The Transfiguration,https://m.media-amazon.com/images/M/MV5BMTY3NDUxMzc5Ml5BMl5BanBnXkFtZTgwMDgxOTc2MTI@._V1_SX300.jpg,tt5241534,https://m.media-amazon.com/images/M/MV5BNTgxMjBmZDItMzJlNy00Nzk5LTliZGYtMmU3ODQ4MWQ0ZDg1XkEyXkFqcGdeQXVyNjA3Nzg0NzY@._V1_SX300.jpg,tt5039088,https://m.media-amazon.com/images/M/MV5BMTY3NDUxMzc5Ml5BMl5BanBnXkFtZTgwMDgxOTc2MTI@._V1_SX300.jpg,tt6587078,https://m.media-amazon.com/images/M/MV5BMTBkODU5MTUtNzMxZi00OWQxLTllNmItY2JhZGMyZDk4OTQ5XkEyXkFqcGdeQXVyNzk0NTA5NQ@@._V1_SX300.jpg
tt3893280,The Ticket,https://m.media-amazon.com/images/M/MV5BZDYzYzBhZTYtMTlhNC00NWZkLTg1NTYtODg5OGY0N2FiY2IyXkEyXkFqcGdeQXVyNTg1MzYwMDY@._V1_SX300.jpg,tt5241534,https://m.media-amazon.com/images/M/MV5BNTgxMjBmZDItMzJlNy00Nzk5LTliZGYtMmU3ODQ4MWQ0ZDg1XkEyXkFqcGdeQXVyNjA3Nzg0NzY@._V1_SX300.jpg,tt6357202,https://m.media-amazon.com/images/M/MV5BMjEyODM2NDIyNl5BMl5BanBnXkFtZTgwMjQ3ODM5MDI@._V1_SX300.jpg,tt6587078,https://m.media-amazon.com/images/M/MV5BMTBkODU5MTUtNzMxZi00OWQxLTllNmItY2JhZGMyZDk4OTQ5XkEyXkFqcGdeQXVyNzk0NTA5NQ@@._V1_SX300.jpg
tt6113488,The Case for Christ,https://m.media-amazon.com/images/M/MV5BZTJmZWMwNDQtNGUzZS00MWRiLThmMjctNTY3NGY1ODE5M2ExL2ltYWdlXkEyXkFqcGdeQXVyNTQ3MjE4NTU@._V1_SX300.jpg,tt6357202,https://m.media-amazon.com/images/M/MV5BMjEyODM2NDIyNl5BMl5BanBnXkFtZTgwMjQ3ODM5MDI@._V1_SX300.jpg,tt5039088,https://m.media-amazon.com/images/M/MV5BMTY3NDUxMzc5Ml5BMl5BanBnXkFtZTgwMDgxOTc2MTI@._V1_SX300.jpg,tt3893280,https://m.media-amazon.com/images/M/MV5BZDYzYzBhZTYtMTlhNC00NWZkLTg1NTYtODg5OGY0N2FiY2IyXkEyXkFqcGdeQXVyNTg1MzYwMDY@._V1_SX300.jpg
tt4843344,Speech & Debate,https://m.media-amazon.com/images/M/MV5BNTdiNDlkNDUtYTlmZS00OWYwLWIwMmItZGZkNzU1ZjUyY2JjXkEyXkFqcGdeQXVyMTM2MzgyOTU@._V1_SX300.jpg,tt5039088,https://m.media-amazon.com/images/M/MV5BMTY3NDUxMzc5Ml5BMl5BanBnXkFtZTgwMDgxOTc2MTI@._V1_SX300.jpg,tt6113488,https://m.media-amazon.com/images/M/MV5BZTJmZWMwNDQtNGUzZS00MWRiLThmMjctNTY3NGY1ODE5M2ExL2ltYWdlXkEyXkFqcGdeQXVyNTQ3MjE4NTU@._V1_SX300.jpg,tt4481414,https://m.media-amazon.com/images/M/MV5BMjQ2NDU3NDE0M15BMl5BanBnXkFtZTgwMjA3OTg0MDI@._V1_SX300.jpg
tt3469798,Orbiter 9,https://m.media-amazon.com/images/M/MV5BOGM2MDk1YmEtZTBmZi00ZjJiLTkyOGEtNjExNTNmZjQ3MzcxXkEyXkFqcGdeQXVyNzMzMjU5NDY@._V1_SX300.jpg,tt6587078,https://m.media-amazon.com/images/M/MV5BMTBkODU5MTUtNzMxZi00OWQxLTllNmItY2JhZGMyZDk4OTQ5XkEyXkFqcGdeQXVyNzk0NTA5NQ@@._V1_SX300.jpg,tt4843344,https://m.media-amazon.com/images/M/MV5BNTdiNDlkNDUtYTlmZS00OWYwLWIwMmItZGZkNzU1ZjUyY2JjXkEyXkFqcGdeQXVyMTM2MzgyOTU@._V1_SX300.jpg,tt4481414,https://m.media-amazon.com/images/M/MV5BMjQ2NDU3NDE0M15BMl5BanBnXkFtZTgwMjA3OTg0MDI@._V1_SX300.jpg
tt1966385,City of Tiny Lights,https://m.media-amazon.com/images/M/MV5BYWVkMjlmMDctNmJmMi00NDA4LThkYjItMDhmNGRjNmQ4MmFmXkEyXkFqcGdeQXVyMTMxMTY0OTQ@._V1_SX300.jpg,tt5241534,https://m.media-amazon.com/images/M/MV5BNTgxMjBmZDItMzJlNy00Nzk5LTliZGYtMmU3ODQ4MWQ0ZDg1XkEyXkFqcGdeQXVyNjA3Nzg0NzY@._V1_SX300.jpg,tt1966385,https://m.media-amazon.com/images/M/MV5BYWVkMjlmMDctNmJmMi00NDA4LThkYjItMDhmNGRjNmQ4MmFmXkEyXkFqcGdeQXVyMTMxMTY0OTQ@._V1_SX300.jpg,tt6357202,https://m.media-amazon.com/images/M/MV5BMjEyODM2NDIyNl5BMl5BanBnXkFtZTgwMjQ3ODM5MDI@._V1_SX300.jpg
tt2184233,1 Mile to You,https://m.media-amazon.com/images/M/MV5BMjQ4NDE0MzQ3Ml5BMl5BanBnXkFtZTgwMTY4MzY1MTI@._V1_SX300.jpg,tt4636254,https://m.media-amazon.com/images/M/MV5BZjRlMzczZDEtMTM3ZS00Mzk3LThmYWEtYmViMmI0NzNhYmRjXkEyXkFqcGdeQXVyMTIxMzMzMzE@._V1_SX300.jpg,tt5702566,https://m.media-amazon.com/images/M/MV5BNzcwNTJjZTEtODI5MC00NjVkLTgzNzYtNzZkNDFmNTljZWEwXkEyXkFqcGdeQXVyMzQwMTY2Nzk@._V1_SX300.jpg,tt3544218,https://m.media-amazon.com/images/M/MV5BNjVhZjYzOTQtYTg2NC00YTQ4LTg2NDMtMGM5MGI3MjQxOTVlXkEyXkFqcGdeQXVyMjAzMjcxNTE@._V1_SX300.jpg
tt1661275,Their Finest,https://m.media-amazon.com/images/M/MV5BNGIwMzIzY2EtZWI1Yi00N2E3LWI0OGMtNmU0MjNmMmNhZmU4XkEyXkFqcGdeQXVyNzY1NzQ2MDk@._V1_SX300.jpg,tt1661275,https://m.media-amazon.com/images/M/MV5BNGIwMzIzY2EtZWI1Yi00N2E3LWI0OGMtNmU0MjNmMmNhZmU4XkEyXkFqcGdeQXVyNzY1NzQ2MDk@._V1_SX300.jpg,tt4636254,https://m.media-amazon.com/images/M/MV5BZjRlMzczZDEtMTM3ZS00Mzk3LThmYWEtYmViMmI0NzNhYmRjXkEyXkFqcGdeQXVyMTIxMzMzMzE@._V1_SX300.jpg,tt5702566,https://m.media-amazon.com/images/M/MV5BNzcwNTJjZTEtODI5MC00NjVkLTgzNzYtNzZkNDFmNTljZWEwXkEyXkFqcGdeQXVyMzQwMTY2Nzk@._V1_SX300.jpg
tt3198000,Teleios,https://m.media-amazon.com/images/M/MV5BZDc2M2MyZDMtMDhjNi00Njk4LThjODktZDUxY2ZjOTQxODMyXkEyXkFqcGdeQXVyMjg1MDczNg@@._V1_SX300.jpg,tt1661275,https://m.media-amazon.com/images/M/MV5BNGIwMzIzY2EtZWI1Yi00N2E3LWI0OGMtNmU0MjNmMmNhZmU4XkEyXkFqcGdeQXVyNzY1NzQ2MDk@._V1_SX300.jpg,tt2184233,https://m.media-amazon.com/images/M/MV5BMjQ4NDE0MzQ3Ml5BMl5BanBnXkFtZTgwMTY4MzY1MTI@._V1_SX300.jpg,tt4636254,https://m.media-amazon.com/images/M/MV5BZjRlMzczZDEtMTM3ZS00Mzk3LThmYWEtYmViMmI0NzNhYmRjXkEyXkFqcGdeQXVyMTIxMzMzMzE@._V1_SX300.jpg
tt2568862,Going in Style,https://m.media-amazon.com/images/M/MV5BMTc5Mzg3NjI4OF5BMl5BanBnXkFtZTgwNzA3Mzg4MDI@._V1_SX300.jpg,tt3198000,https://m.media-amazon.com/images/M/MV5BZDc2M2MyZDMtMDhjNi00Njk4LThjODktZDUxY2ZjOTQxODMyXkEyXkFqcGdeQXVyMjg1MDczNg@@._V1_SX300.jpg,tt1661275,https://m.media-amazon.com/images/M/MV5BNGIwMzIzY2EtZWI1Yi00N2E3LWI0OGMtNmU0MjNmMmNhZmU4XkEyXkFqcGdeQXVyNzY1NzQ2MDk@._V1_SX300.jpg,tt2568862,https://m.media-amazon.com/images/M/MV5BMTc5Mzg3NjI4OF5BMl5BanBnXkFtZTgwNzA3Mzg4MDI@._V1_SX300.jpg
tt4401006,Eat Locals,https://m.media-amazon.com/images/M/MV5BOGMxZjcyNmMtMGUxZi00ZjU4LThmMWItZGU2NmE3OWIyNzkyXkEyXkFqcGdeQXVyMTY4Mjk3MzE@._V1_SX300.jpg,tt2568862,https://m.media-amazon.com/images/M/MV5BMTc5Mzg3NjI4OF5BMl5BanBnXkFtZTgwNzA3Mzg4MDI@._V1_SX300.jpg,tt3198000,https://m.media-amazon.com/images/M/MV5BZDc2M2MyZDMtMDhjNi00Njk4LThjODktZDUxY2ZjOTQxODMyXkEyXkFqcGdeQXVyMjg1MDczNg@@._V1_SX300.jpg,tt4401006,https://m.media-amazon.com/images/M/MV5BOGMxZjcyNmMtMGUxZi00ZjU4LThmMWItZGU2NmE3OWIyNzkyXkEyXkFqcGdeQXVyMTY4Mjk3MzE@._V1_SX300.jpg
tt4680182,Colossal,https://m.media-amazon.com/images/M/MV5BMTY2NTExOTA2MF5BMl5BanBnXkFtZTgwNTMwMjE2MTI@._V1_SX300.jpg,tt2568862,https://m.media-amazon.com/images/M/MV5BMTc5Mzg3NjI4OF5BMl5BanBnXkFtZTgwNzA3Mzg4MDI@._V1_SX300.jpg,tt1661275,https://m.media-amazon.com/images/M/MV5BNGIwMzIzY2EtZWI1Yi00N2E3LWI0OGMtNmU0MjNmMmNhZmU4XkEyXkFqcGdeQXVyNzY1NzQ2MDk@._V1_SX300.jpg,tt3198000,https://m.media-amazon.com/images/M/MV5BZDc2M2MyZDMtMDhjNi00Njk4LThjODktZDUxY2ZjOTQxODMyXkEyXkFqcGdeQXVyMjg1MDczNg@@._V1_SX300.jpg
tt5609734,Bye Bye Germany,https://m.media-amazon.com/images/M/MV5BYzRiMjBjMzctOGRlNy00NjhhLWJmMTYtNjcwZWM4YWMwOTNlXkEyXkFqcGdeQXVyNTkyMjQwNw@@._V1_SX300.jpg,tt3198000,https://m.media-amazon.com/images/M/MV5BZDc2M2MyZDMtMDhjNi00Njk4LThjODktZDUxY2ZjOTQxODMyXkEyXkFqcGdeQXVyMjg1MDczNg@@._V1_SX300.jpg,tt5609734,https://m.media-amazon.com/images/M/MV5BYzRiMjBjMzctOGRlNy00NjhhLWJmMTYtNjcwZWM4YWMwOTNlXkEyXkFqcGdeQXVyNTkyMjQwNw@@._V1_SX300.jpg,tt4680182,https://m.media-amazon.com/images/M/MV5BMTY2NTExOTA2MF5BMl5BanBnXkFtZTgwNTMwMjE2MTI@._V1_SX300.jpg
tt4581576,Aftermath,https://m.media-amazon.com/images/M/MV5BMWFkYmM2ZTctNmZjZi00MWQwLWI0MjctZDdiNjJlMTlmNzdkL2ltYWdlXkEyXkFqcGdeQXVyMjM4NTM5NDY@._V1_SX300.jpg,tt2184233,https://m.media-amazon.com/images/M/MV5BMjQ4NDE0MzQ3Ml5BMl5BanBnXkFtZTgwMTY4MzY1MTI@._V1_SX300.jpg,tt2568862,https://m.media-amazon.com/images/M/MV5BMTc5Mzg3NjI4OF5BMl5BanBnXkFtZTgwNzA3Mzg4MDI@._V1_SX300.jpg,tt4581576,https://m.media-amazon.com/images/M/MV5BMWFkYmM2ZTctNmZjZi00MWQwLWI0MjctZDdiNjJlMTlmNzdkL2ltYWdlXkEyXkFqcGdeQXVyMjM4NTM5NDY@._V1_SX300.jpg
tt5639354,A Fantastic Woman,https://m.media-amazon.com/images/M/MV5BNGJhNWM4ZjItYWRhYS00N2UzLTg3OWItOGEzOWFmMGQ1ZjlkXkEyXkFqcGdeQXVyMTMxODk2OTU@._V1_SX300.jpg,tt2568862,https://m.media-amazon.com/images/M/MV5BMTc5Mzg3NjI4OF5BMl5BanBnXkFtZTgwNzA3Mzg4MDI@._V1_SX300.jpg,tt3198000,https://m.media-amazon.com/images/M/MV5BZDc2M2MyZDMtMDhjNi00Njk4LThjODktZDUxY2ZjOTQxODMyXkEyXkFqcGdeQXVyMjg1MDczNg@@._V1_SX300.jpg,tt5639354,https://m.media-amazon.com/images/M/MV5BNGJhNWM4ZjItYWRhYS00N2UzLTg3OWItOGEzOWFmMGQ1ZjlkXkEyXkFqcGdeQXVyMTMxODk2OTU@._V1_SX300.jpg
tt5804948,With Open Arms,https://m.media-amazon.com/images/M/MV5BMjQzNGNjMTMtYzEwMi00N2JhLWIyZjUtZGRkNGQ4YTE1MmRiXkEyXkFqcGdeQXVyNzExODY4MDE@._V1_SX300.jpg,tt4401006,https://m.media-amazon.com/images/M/MV5BOGMxZjcyNmMtMGUxZi00ZjU4LThmMWItZGU2NmE3OWIyNzkyXkEyXkFqcGdeQXVyMTY4Mjk3MzE@._V1_SX300.jpg,tt4581576,https://m.media-amazon.com/images/M/MV5BMWFkYmM2ZTctNmZjZi00MWQwLWI0MjctZDdiNjJlMTlmNzdkL2ltYWdlXkEyXkFqcGdeQXVyMjM4NTM5NDY@._V1_SX300.jpg,tt5609734,https://m.media-amazon.com/images/M/MV5BYzRiMjBjMzctOGRlNy00NjhhLWJmMTYtNjcwZWM4YWMwOTNlXkEyXkFqcGdeQXVyNTkyMjQwNw@@._V1_SX300.jpg
tt3401174,Revengeance,https://images-na.ssl-images-amazon.com/images/M/MV5BM2FiMDg4MWQtMzk3Yi00MzE2LWJlOWQtY2JmN2YwMWNlMzYyXkEyXkFqcGdeQXVyMjA0NzcwMjI@._V1_SX300.jpg,tt3907206,https://m.media-amazon.com/images/M/MV5BYzhiOGZmZGYtZTBlZC00YWM0LTk0M2ItMDZkNDYzODM5ZmRiXkEyXkFqcGdeQXVyNDg0MzQ2OTY@._V1_SX300.jpg,tt3967856,https://m.media-amazon.com/images/M/MV5BMjQxMTcxNDgxN15BMl5BanBnXkFtZTgwOTczNTIzMjI@._V1_SX300.jpg,tt1790809,https://m.media-amazon.com/images/M/MV5BMTYyMTcxNzc5M15BMl5BanBnXkFtZTgwOTg2ODE2MTI@._V1_SX300.jpg
tt2852500,The Bigfoot Project,https://m.media-amazon.com/images/M/MV5BNDMyMmQ5ODgtNDg3Ny00MDdmLTgyN2MtOGJkNGY2NjI5ODk1XkEyXkFqcGdeQXVyMTQzMjc5MTU@._V1_SX300.jpg,tt3401174,https://images-na.ssl-images-amazon.com/images/M/MV5BM2FiMDg4MWQtMzk3Yi00MzE2LWJlOWQtY2JmN2YwMWNlMzYyXkEyXkFqcGdeQXVyMjA0NzcwMjI@._V1_SX300.jpg,tt3907206,https://m.media-amazon.com/images/M/MV5BYzhiOGZmZGYtZTBlZC00YWM0LTk0M2ItMDZkNDYzODM5ZmRiXkEyXkFqcGdeQXVyNDg0MzQ2OTY@._V1_SX300.jpg,tt3967856,https://m.media-amazon.com/images/M/MV5BMjQxMTcxNDgxN15BMl5BanBnXkFtZTgwOTczNTIzMjI@._V1_SX300.jpg
tt6536944,Monster High: Electrified,https://m.media-amazon.com/images/M/MV5BNzUwMGI2ZGYtMDhlYy00NjI4LWI4YzYtZDI1M2EwNDc3ZDkyXkEyXkFqcGdeQXVyNTM3MDMyMDQ@._V1_SX300.jpg,tt2852500,https://m.media-amazon.com/images/M/MV5BNDMyMmQ5ODgtNDg3Ny00MDdmLTgyN2MtOGJkNGY2NjI5ODk1XkEyXkFqcGdeQXVyMTQzMjc5MTU@._V1_SX300.jpg,tt6536944,https://m.media-amazon.com/images/M/MV5BNzUwMGI2ZGYtMDhlYy00NjI4LWI4YzYtZDI1M2EwNDc3ZDkyXkEyXkFqcGdeQXVyNTM3MDMyMDQ@._V1_SX300.jpg,tt3955894,https://m.media-amazon.com/images/M/MV5BMTA0MjczMDgzMjZeQTJeQWpwZ15BbWU4MDU3OTk2Nzkx._V1_SX300.jpg
tt6736782,Louis C.K. 2017,https://m.media-amazon.com/images/M/MV5BOGYwMmVlMWUtZDE2My00MzMyLTk5MTQtZDdmM2U5YWQwZjM1XkEyXkFqcGdeQXVyMjExNDAyOTU@._V1_SX300.jpg,tt6736782,https://m.media-amazon.com/images/M/MV5BOGYwMmVlMWUtZDE2My00MzMyLTk5MTQtZDdmM2U5YWQwZjM1XkEyXkFqcGdeQXVyMjExNDAyOTU@._V1_SX300.jpg,tt2852500,https://m.media-amazon.com/images/M/MV5BNDMyMmQ5ODgtNDg3Ny00MDdmLTgyN2MtOGJkNGY2NjI5ODk1XkEyXkFqcGdeQXVyMTQzMjc5MTU@._V1_SX300.jpg,tt6536944,https://m.media-amazon.com/images/M/MV5BNzUwMGI2ZGYtMDhlYy00NjI4LWI4YzYtZDI1M2EwNDc3ZDkyXkEyXkFqcGdeQXVyNTM3MDMyMDQ@._V1_SX300.jpg
tt3685624,3 Idiotas,https://m.media-amazon.com/images/M/MV5BZjY0ZjdkYjYtZGJiZS00NmFhLTk5MDktODJmNmNmNWM4ZDgxXkEyXkFqcGdeQXVyNjk1Njg5NTA@._V1_SX300.jpg,tt3401174,https://images-na.ssl-images-amazon.com/images/M/MV5BM2FiMDg4MWQtMzk3Yi00MzE2LWJlOWQtY2JmN2YwMWNlMzYyXkEyXkFqcGdeQXVyMjA0NzcwMjI@._V1_SX300.jpg,tt2852500,https://m.media-amazon.com/images/M/MV5BNDMyMmQ5ODgtNDg3Ny00MDdmLTgyN2MtOGJkNGY2NjI5ODk1XkEyXkFqcGdeQXVyMTQzMjc5MTU@._V1_SX300.jpg,tt3685624,https://m.media-amazon.com/images/M/MV5BZjY0ZjdkYjYtZGJiZS00NmFhLTk5MDktODJmNmNmNWM4ZDgxXkEyXkFqcGdeQXVyNjk1Njg5NTA@._V1_SX300.jpg
tt1730768,The Zookeeper's Wife,https://m.media-amazon.com/images/M/MV5BNTY3YmZmYmMtZjc3Zi00N2VjLWE5ZGMtN2M0ODkzOGQ5M2UyL2ltYWdlL2ltYWdlXkEyXkFqcGdeQXVyNTk1MTQ3NDI@._V1_SX300.jpg,tt6736782,https://m.media-amazon.com/images/M/MV5BOGYwMmVlMWUtZDE2My00MzMyLTk5MTQtZDdmM2U5YWQwZjM1XkEyXkFqcGdeQXVyMjExNDAyOTU@._V1_SX300.jpg,tt1730768,https://m.media-amazon.com/images/M/MV5BNTY3YmZmYmMtZjc3Zi00N2VjLWE5ZGMtN2M0ODkzOGQ5M2UyL2ltYWdlL2ltYWdlXkEyXkFqcGdeQXVyNTk1MTQ3NDI@._V1_SX300.jpg,tt3685624,https://m.media-amazon.com/images/M/MV5BZjY0ZjdkYjYtZGJiZS00NmFhLTk5MDktODJmNmNmNWM4ZDgxXkEyXkFqcGdeQXVyNjk1Njg5NTA@._V1_SX300.jpg
tt5155780,The Discovery,https://m.media-amazon.com/images/M/MV5BMTUzNjE5ODYwN15BMl5BanBnXkFtZTgwMTY4MjQ1MTI@._V1_SX300.jpg,tt3685624,https://m.media-amazon.com/images/M/MV5BZjY0ZjdkYjYtZGJiZS00NmFhLTk5MDktODJmNmNmNWM4ZDgxXkEyXkFqcGdeQXVyNjk1Njg5NTA@._V1_SX300.jpg,tt1730768,https://m.media-amazon.com/images/M/MV5BNTY3YmZmYmMtZjc3Zi00N2VjLWE5ZGMtN2M0ODkzOGQ5M2UyL2ltYWdlL2ltYWdlXkEyXkFqcGdeQXVyNTk1MTQ3NDI@._V1_SX300.jpg,tt2852500,https://m.media-amazon.com/images/M/MV5BNDMyMmQ5ODgtNDg3Ny00MDdmLTgyN2MtOGJkNGY2NjI5ODk1XkEyXkFqcGdeQXVyMTQzMjc5MTU@._V1_SX300.jpg
tt6712026,Kavan,https://images-na.ssl-images-amazon.com/images/M/MV5BYjE1YTQ5ZGQtNzM0ZS00YWI2LWFhZmYtYzViOThiOWZjN2JkXkEyXkFqcGdeQXVyMjYwMDk5NjE@._V1_SX300.jpg,tt6536944,https://m.media-amazon.com/images/M/MV5BNzUwMGI2ZGYtMDhlYy00NjI4LWI4YzYtZDI1M2EwNDc3ZDkyXkEyXkFqcGdeQXVyNTM3MDMyMDQ@._V1_SX300.jpg,tt6712026,https://images-na.ssl-images-amazon.com/images/M/MV5BYjE1YTQ5ZGQtNzM0ZS00YWI2LWFhZmYtYzViOThiOWZjN2JkXkEyXkFqcGdeQXVyMjYwMDk5NjE@._V1_SX300.jpg,tt2852500,https://m.media-amazon.com/images/M/MV5BNDMyMmQ5ODgtNDg3Ny00MDdmLTgyN2MtOGJkNGY2NjI5ODk1XkEyXkFqcGdeQXVyMTQzMjc5MTU@._V1_SX300.jpg
tt4158096,Free Fire,https://m.media-amazon.com/images/M/MV5BOWZjMDVhMDgtMTljZC00NmM0LWE1ODYtNGZmMGRhZTc3MTg2XkEyXkFqcGdeQXVyNTAzMTY4MDA@._V1_SX300.jpg,tt6536944,https://m.media-amazon.com/images/M/MV5BNzUwMGI2ZGYtMDhlYy00NjI4LWI4YzYtZDI1M2EwNDc3ZDkyXkEyXkFqcGdeQXVyNTM3MDMyMDQ@._V1_SX300.jpg,tt2852500,https://m.media-amazon.com/images/M/MV5BNDMyMmQ5ODgtNDg3Ny00MDdmLTgyN2MtOGJkNGY2NjI5ODk1XkEyXkFqcGdeQXVyMTQzMjc5MTU@._V1_SX300.jpg,tt4158096,https://m.media-amazon.com/images/M/MV5BOWZjMDVhMDgtMTljZC00NmM0LWE1ODYtNGZmMGRhZTc3MTg2XkEyXkFqcGdeQXVyNTAzMTY4MDA@._V1_SX300.jpg
tt4157510,For Here or to Go?,https://images-na.ssl-images-amazon.com/images/M/MV5BNThiZDM1NGEtODcxMC00MGNiLTlkNDAtNjU2NTllNjRlZmE5XkEyXkFqcGdeQXVyNDExMzMxNjE@._V1_SX300.jpg,tt6736782,https://m.media-amazon.com/images/M/MV5BOGYwMmVlMWUtZDE2My00MzMyLTk5MTQtZDdmM2U5YWQwZjM1XkEyXkFqcGdeQXVyMjExNDAyOTU@._V1_SX300.jpg,tt2852500,https://m.media-amazon.com/images/M/MV5BNDMyMmQ5ODgtNDg3Ny00MDdmLTgyN2MtOGJkNGY2NjI5ODk1XkEyXkFqcGdeQXVyMTQzMjc5MTU@._V1_SX300.jpg,tt6712026,https://images-na.ssl-images-amazon.com/images/M/MV5BYjE1YTQ5ZGQtNzM0ZS00YWI2LWFhZmYtYzViOThiOWZjN2JkXkEyXkFqcGdeQXVyMjYwMDk5NjE@._V1_SX300.jpg
